precision,recall,f1,total
0.5668449197860963,0.5353535353535354,0.5506493506493506,100
