precision,recall,f1,total
0.7255813953488373,0.7839195979899497,0.7536231884057971,100
