{"ADJ_80_PERC_PROB": 0.9986746311187744, "ADP_80_PERC_PROB": 0.9998542070388794, "ADV_80_PERC_PROB": 0.9990103244781494, "AUX_80_PERC_PROB": 0.9995265007019043, "CCONJ_80_PERC_PROB": 0.9997884631156921, "DET_80_PERC_PROB": 0.9986696243286133, "INTJ_80_PERC_PROB": 0.0, "NOUN_80_PERC_PROB": 0.9989065130551656, "NUM_80_PERC_PROB": 0.9994020462036133, "PART_80_PERC_PROB": 0.9987074136734009, "PRON_80_PERC_PROB": 0.9974046349525452, "PROPN_80_PERC_PROB": 0.996059775352478, "PUNCT_80_PERC_PROB": 0.9999703168869019, "SCONJ_80_PERC_PROB": 0.8369706869125366, "SYM_80_PERC_PROB": 0.0, "VERB_80_PERC_PROB": 0.9993471503257751, "X_80_PERC_PROB": 0.5453618764877319}