{"ADJ_80_PERC_PROB": 0.884946882724762, "ADP_80_PERC_PROB": 0.9892039895057678, "ADV_80_PERC_PROB": 0.8658912181854248, "AUX_80_PERC_PROB": 0.9508452415466309, "CCONJ_80_PERC_PROB": 0.8833928108215332, "DET_80_PERC_PROB": 0.8944122195243835, "INTJ_80_PERC_PROB": 0.9393683075904846, "NOUN_80_PERC_PROB": 0.7625048756599426, "NUM_80_PERC_PROB": 0.989776611328125, "PART_80_PERC_PROB": 0.3671639561653137, "PRON_80_PERC_PROB": 0.9634981751441956, "PROPN_80_PERC_PROB": 0.8788584470748901, "PUNCT_80_PERC_PROB": 0.9982174038887024, "SCONJ_80_PERC_PROB": 0.0, "SYM_80_PERC_PROB": 0.0, "VERB_80_PERC_PROB": 0.9493466019630432, "X_80_PERC_PROB": 0.5881457361910079}