{"ADJ_80_PERC_PROB": 0.9955077171325684, "ADP_80_PERC_PROB": 0.9996294180552164, "ADV_80_PERC_PROB": 0.9894415140151978, "AUX_80_PERC_PROB": 0.9978203773498535, "CCONJ_80_PERC_PROB": 0.9997418224811554, "DET_80_PERC_PROB": 0.9995214939117432, "INTJ_80_PERC_PROB": 0.9282912611961365, "NOUN_80_PERC_PROB": 0.9983359575271606, "NUM_80_PERC_PROB": 0.9997186064720154, "PART_80_PERC_PROB": 0.9993935823440552, "PRON_80_PERC_PROB": 0.9995182752609253, "PROPN_80_PERC_PROB": 0.9829958081245422, "PUNCT_80_PERC_PROB": 0.9999868869781494, "SCONJ_80_PERC_PROB": 0.998446524143219, "SYM_80_PERC_PROB": 0.4397910535335541, "VERB_80_PERC_PROB": 0.9995782971382141, "X_80_PERC_PROB": 0.0}