{"PER_80_PERC_PROB": 0.9755899310112, "LOC_80_PERC_PROB": 0.9774888753890991, "ORG_80_PERC_PROB": 0.9454993158578873, "O_80_PERC_PROB": 0.9976929671624127}