{"PER_80_PERC_PROB": 0.990504801273346, "LOC_80_PERC_PROB": 0.9938164353370667, "ORG_80_PERC_PROB": 0.9928032755851746, "O_80_PERC_PROB": 0.9990024158829137}