{"PER_80_PERC_PROB": 0.920870304107666, "LOC_80_PERC_PROB": 0.8817330598831177, "ORG_80_PERC_PROB": 0.8989170342683792, "O_80_PERC_PROB": 0.9769201789583478}