{"PER_80_PERC_PROB": 0.9421129375696182, "LOC_80_PERC_PROB": 0.9135309457778931, "ORG_80_PERC_PROB": 0.9385043780008951, "O_80_PERC_PROB": 0.9782694303072416}