{"PER_80_PERC_PROB": 0.9964582920074463, "LOC_80_PERC_PROB": 0.9748263359069824, "ORG_80_PERC_PROB": 0.9956904053688049, "O_80_PERC_PROB": 0.9998014001619249}