precision,recall,f1,total
0.8270676691729323,0.8270676691729323,0.8270676691729322,100
