precision,recall,f1,total
0.8600583090379009,0.8513708513708513,0.8556925308194343,100
