{"entailment_90_PERC_PROB": 0.8198574185371399, "neutral_90_PERC_PROB": 0.5583654642105103, "contradiction_90_PERC_PROB": 0.6508350968360901}