{"entailment_80_PERC_PROB": 0.7252328395843506, "neutral_80_PERC_PROB": 0.5583654642105103, "contradiction_80_PERC_PROB": 0.5906973481178284}