{"entailment_80_PERC_PROB": 0.7577484250068665, "neutral_80_PERC_PROB": 0.5159228444099426, "contradiction_80_PERC_PROB": 0.6424962878227234}