{"entailment_90_PERC_PROB": 0.8643364310264587, "neutral_90_PERC_PROB": 0.5160353183746338, "contradiction_90_PERC_PROB": 0.7677121758460999}