{"entailment_90_PERC_PROB": 0.8160165548324585, "neutral_90_PERC_PROB": 0.7116068601608276, "contradiction_90_PERC_PROB": 0.7043247222900391}