{"entailment_80_PERC_PROB": 0.7167405486106873, "neutral_80_PERC_PROB": 0.5505120754241943, "contradiction_80_PERC_PROB": 0.6292493343353271}