{"entailment_90_PERC_PROB": 0.7720776796340942, "neutral_90_PERC_PROB": 0.6494121551513672, "contradiction_90_PERC_PROB": 0.695570170879364}