{"entailment_80_PERC_PROB": 0.7062811851501465, "neutral_80_PERC_PROB": 0.5642430186271667, "contradiction_80_PERC_PROB": 0.6239131093025208}