precision,recall,f1,total
0.8232044198895028,0.7525252525252525,0.7862796833773087,100
