precision,recall,f1,total
0.7661691542288557,0.7738693467336684,0.77,100
