precision,recall,f1,total
0.5208333333333334,0.5050505050505051,0.5128205128205129,100
