precision,recall,f1,total
0.6762589928057554,0.618421052631579,0.6460481099656358,100
