precision,recall,f1,total
0.5714285714285714,0.547945205479452,0.5594405594405595,13
