precision,recall,f1,total
0.5586592178770949,0.5050505050505051,0.5305039787798409,100
