precision,recall,f1,total
0.676829268292683,0.7302631578947368,0.7025316455696202,100
