precision,recall,f1,total
0.8638018936635106,0.8556998556998557,0.8597317868793042,100
