precision,recall,f1,total
0.8210262828535669,0.8220551378446115,0.8215403882279273,100
