precision,recall,f1,total
0.727810650887574,0.6988636363636364,0.7130434782608697,100
