precision,recall,f1,total
0.7126436781609196,0.7171398527865405,0.7148846960167714,100
