precision,recall,f1,total
0.6764705882352942,0.756578947368421,0.7142857142857142,100
