precision,recall,f1,total
0.8269230769230769,0.8686868686868687,0.8472906403940886,100
