precision,recall,f1,total
0.8097560975609757,0.8383838383838383,0.8238213399503722,100
