precision,recall,f1,total
0.8079470198675497,0.6931818181818182,0.746177370030581,100
