precision,recall,f1,total
0.8324937027707808,0.8283208020050126,0.8304020100502513,100
