precision,recall,f1,total
0.725609756097561,0.6761363636363636,0.7,100
