precision,recall,f1,total
0.8469462840323767,0.8304473304473304,0.8386156648451731,100
