{"ADJ_80_PERC_PROB": 0.9800002574920654, "ADP_80_PERC_PROB": 0.9989540576934814, "ADV_80_PERC_PROB": 0.9950354099273682, "AUX_80_PERC_PROB": 0.9974557757377625, "CCONJ_80_PERC_PROB": 0.9992221593856812, "DET_80_PERC_PROB": 0.9904354810714722, "INTJ_80_PERC_PROB": 0.0, "NOUN_80_PERC_PROB": 0.9869381189346313, "NUM_80_PERC_PROB": 0.9960280060768127, "PART_80_PERC_PROB": 0.9881654977798462, "PRON_80_PERC_PROB": 0.994475781917572, "PROPN_80_PERC_PROB": 0.9717554450035095, "PUNCT_80_PERC_PROB": 0.9999072551727295, "SCONJ_80_PERC_PROB": 0.7653681635856628, "SYM_80_PERC_PROB": 0.0, "VERB_80_PERC_PROB": 0.9946953654289246, "X_80_PERC_PROB": 0.5120819211006165}