{"ADJ_80_PERC_PROB": 0.8546997308731079, "ADP_80_PERC_PROB": 0.9589043259620667, "ADV_80_PERC_PROB": 0.7014819979667664, "AUX_80_PERC_PROB": 0.934279203414917, "CCONJ_80_PERC_PROB": 0.9284078478813171, "DET_80_PERC_PROB": 0.6651971340179443, "INTJ_80_PERC_PROB": 0.938896656036377, "NOUN_80_PERC_PROB": 0.8001186549663544, "NUM_80_PERC_PROB": 0.8113089799880981, "PART_80_PERC_PROB": 0.5475224852561951, "PRON_80_PERC_PROB": 0.9752045472462972, "PROPN_80_PERC_PROB": 0.8607344925403595, "PUNCT_80_PERC_PROB": 0.9989593029022217, "SCONJ_80_PERC_PROB": 0.0, "SYM_80_PERC_PROB": 0.0, "VERB_80_PERC_PROB": 0.8455463647842407, "X_80_PERC_PROB": 0.5821740031242371}