{"ADJ_80_PERC_PROB": 0.9061131477355957, "ADP_80_PERC_PROB": 0.9859529435634613, "ADV_80_PERC_PROB": 0.8573928674062093, "AUX_80_PERC_PROB": 0.9150047898292542, "CCONJ_80_PERC_PROB": 0.9990226626396179, "DET_80_PERC_PROB": 0.9507839679718018, "INTJ_80_PERC_PROB": 0.6831464767456055, "NOUN_80_PERC_PROB": 0.9553465396165848, "NUM_80_PERC_PROB": 0.995445728302002, "PART_80_PERC_PROB": 0.9827127754688263, "PRON_80_PERC_PROB": 0.9908271729946136, "PROPN_80_PERC_PROB": 0.9059333503246307, "PUNCT_80_PERC_PROB": 0.9999033212661743, "SCONJ_80_PERC_PROB": 0.9901832938194275, "SYM_80_PERC_PROB": 0.500316858291626, "VERB_80_PERC_PROB": 0.9726552963256836, "X_80_PERC_PROB": 0.48083025217056274}