{"PER_80.0_PERC_PROB": 0.9875035285949707, "LOC_80.0_PERC_PROB": 0.992455929517746, "ORG_80.0_PERC_PROB": 0.9938056468963623, "O_80.0_PERC_PROB": 0.9994823840948251}