{"PER_80.0_PERC_PROB": 0.9877672865986824, "LOC_80.0_PERC_PROB": 0.9913880228996277, "ORG_80.0_PERC_PROB": 0.9866059124469757, "O_80.0_PERC_PROB": 0.9986502575874329}