{"PER_80.0_PERC_PROB": 0.9902075529098511, "LOC_80.0_PERC_PROB": 0.9933474659919739, "ORG_80.0_PERC_PROB": 0.9871912797292074, "O_80.0_PERC_PROB": 0.9994453489780426}