{"PER_80.0_PERC_PROB": 0.9924360811710358, "LOC_80.0_PERC_PROB": 0.9922348856925964, "ORG_80.0_PERC_PROB": 0.9830019275347391, "O_80.0_PERC_PROB": 0.9990077945921156}