{"PER_80.0_PERC_PROB": 0.9869877298672994, "LOC_80.0_PERC_PROB": 0.9748491644859314, "ORG_80.0_PERC_PROB": 0.9923710972070694, "O_80.0_PERC_PROB": 0.999595895409584}